cluster,term,papers
1. Neurologic Manifestations,Neurologic Manifestations,1172
1. Neurologic Manifestations,Coronavirus Infections,844
1. Neurologic Manifestations,Respiratory Insufficiency,684
1. Neurologic Manifestations,Anosmia,554
1. Neurologic Manifestations,Central Nervous System Diseases,483
1. Neurologic Manifestations,Nervous System Diseases,435
1. Neurologic Manifestations,Ageusia,323
1. Neurologic Manifestations,Cardiomyopathies,319
1. Neurologic Manifestations,Hypoxia,270
1. Neurologic Manifestations,Severe Acute Respiratory Syndrome,255
1. Neurologic Manifestations,Respiratory Tract Infections,252
1. Neurologic Manifestations,Encephalitis,214
1. Neurologic Manifestations,Liver Diseases,204
1. Neurologic Manifestations,Cerebrovascular Disorders,199
1. Neurologic Manifestations,Seizures,196
1. Neurologic Manifestations,Acute Kidney Injury,149
1. Neurologic Manifestations,Taste Disorders,135
1. Neurologic Manifestations,Peripheral Nervous System Diseases,133
1. Neurologic Manifestations,Cerebral Infarction,129
1. Neurologic Manifestations,Heredodegenerative Disorders Nervous System,128
1. Neurologic Manifestations,Hemorrhage,128
1. Neurologic Manifestations,Demyelinating Diseases,115
1. Neurologic Manifestations,Psychological Trauma,100
1. Neurologic Manifestations,Trauma Nervous System,100
2. COVID-19,COVID-19,16501
2. COVID-19,Heart Diseases,1018
2. COVID-19,Lung Diseases,973
2. COVID-19,Death,909
2. COVID-19,Cough,796
2. COVID-19,Cardiovascular Diseases,795
2. COVID-19,Myalgia,617
2. COVID-19,Signs and Symptoms Respiratory,486
2. COVID-19,Muscle Weakness,454
2. COVID-19,Fibrosis,433
2. COVID-19,Communicable Diseases,377
2. COVID-19,Dizziness,287
2. COVID-19,Lung Diseases Interstitial,275
2. COVID-19,Heart Failure,252
2. COVID-19,Dysgeusia,242
2. COVID-19,603663,227
2. COVID-19,Pulmonary Embolism,194
2. COVID-19,Diarrhea,180
2. COVID-19,Multiple Sclerosis,174
2. COVID-19,Kidney Diseases,166
2. COVID-19,Dementia,157
2. COVID-19,Muscular Diseases,154
2. COVID-19,Renal Insufficiency,141
2. COVID-19,Myocardial Infarction,136
2. COVID-19,Wounds and Injuries,122
2. COVID-19,Pediatric acute-onset neuropsychiatric syndrome,115
2. COVID-19,Anhedonia,115
2. COVID-19,608852,113
2. COVID-19,Heart Arrest,112
2. COVID-19,Nausea,111
2. COVID-19,Cardiovascular Abnormalities,108
2. COVID-19,Deglutition Disorders,104
2. COVID-19,Psychotic Disorders,100
2. COVID-19,Frailty,100
2. COVID-19,Movement Disorders,97
2. COVID-19,Pharyngitis,97
3. Olfaction Disorders,Olfaction Disorders,1260
3. Olfaction Disorders,Headache,965
3. Olfaction Disorders,Virus Diseases,871
3. Olfaction Disorders,Pneumonia,584
3. Olfaction Disorders,Fever,578
3. Olfaction Disorders,Respiratory Distress Syndrome,538
3. Olfaction Disorders,pediatric multisystem inflammatory disease COVID-19 related,510
3. Olfaction Disorders,Respiratory Tract Diseases,431
3. Olfaction Disorders,Thrombosis,404
3. Olfaction Disorders,Myocarditis,397
3. Olfaction Disorders,Stroke,378
3. Olfaction Disorders,Brain Diseases,372
3. Olfaction Disorders,Pulmonary Fibrosis,341
3. Olfaction Disorders,Critical Illness,327
3. Olfaction Disorders,Blood Coagulation Disorders,282
3. Olfaction Disorders,Multiple Organ Failure,281
3. Olfaction Disorders,Arrhythmias Cardiac,250
3. Olfaction Disorders,Guillain-Barre Syndrome,237
3. Olfaction Disorders,Mucormycosis,196
3. Olfaction Disorders,Gastrointestinal Diseases,183
3. Olfaction Disorders,Lung Injury,182
3. Olfaction Disorders,Thromboembolism,174
3. Olfaction Disorders,Thrombophilia,173
3. Olfaction Disorders,Vision Disorders,161
3. Olfaction Disorders,adult multisystem inflammatory disease COVID-19 related,157
3. Olfaction Disorders,Abdominal Pain,136
3. Olfaction Disorders,postintensive care syndrome,135
3. Olfaction Disorders,Delirium,130
3. Olfaction Disorders,Edema,126
3. Olfaction Disorders,Mucocutaneous Lymph Node Syndrome,124
3. Olfaction Disorders,Mycoses,116
3. Olfaction Disorders,Cytokine Release Syndrome,114
3. Olfaction Disorders,Ventricular Dysfunction Left,114
3. Olfaction Disorders,Vasculitis,108
3. Olfaction Disorders,Venous Thromboembolism,105
3. Olfaction Disorders,Systemic Inflammatory Response Syndrome,101
4. Infections,Infections,5211
4. Infections,Inflammation,2848
4. Infections,Dyspnea,1873
4. Infections,Mental Disorders,1113
4. Infections,Diabetes Mellitus,710
4. Infections,Stress Disorders Post-Traumatic,573
4. Infections,Persistent Infection,558
4. Infections,Hypertension,456
4. Infections,Autoimmune Diseases,442
4. Infections,Chest Pain,437
4. Infections,Vascular Diseases,361
4. Infections,Arthralgia,295
4. Infections,Signs and Symptoms,281
4. Infections,Neoplasms,279
4. Infections,Mood Disorders,214
4. Infections,Abnormalities Drug-Induced,210
4. Infections,Influenza Human,204
4. Infections,Disease,187
4. Infections,Anxiety Disorders,185
4. Infections,Alopecia,178
4. Infections,Attention Deficit Disorder with Hyperactivity,171
4. Infections,Acute Disease,166
4. Infections,Organizing Pneumonia,162
4. Infections,Conversion Disorder,155
4. Infections,Musculoskeletal Diseases,150
4. Infections,Diabetes Mellitus Type 2,148
4. Infections,Vascular System Injuries,115
4. Infections,Nerve Degeneration,108
4. Infections,Tachycardia,101
4. Infections,Myopathy with Lactic Acidosis Hereditary,99
5. Post-Acute COVID-19 Syndrome,Post-Acute COVID-19 Syndrome,12475
5. Post-Acute COVID-19 Syndrome,Fatigue,3425
5. Post-Acute COVID-19 Syndrome,Cognition Disorders,1908
5. Post-Acute COVID-19 Syndrome,Depressive Disorder,1784
5. Post-Acute COVID-19 Syndrome,Anxiety,1671
5. Post-Acute COVID-19 Syndrome,Pain,882
5. Post-Acute COVID-19 Syndrome,Sleep Wake Disorders,668
5. Post-Acute COVID-19 Syndrome,Fatigue Syndrome Chronic,649
5. Post-Acute COVID-19 Syndrome,Mental Fatigue,534
5. Post-Acute COVID-19 Syndrome,Memory Disorders,431
5. Post-Acute COVID-19 Syndrome,Post-Infectious Disorders,417
5. Post-Acute COVID-19 Syndrome,Obesity,396
5. Post-Acute COVID-19 Syndrome,Neuroinflammatory Diseases,388
5. Post-Acute COVID-19 Syndrome,Sleep Initiation and Maintenance Disorders,330
5. Post-Acute COVID-19 Syndrome,Chronic Disease,283
5. Post-Acute COVID-19 Syndrome,614878,265
5. Post-Acute COVID-19 Syndrome,Exercise-Induced Allergies,245
5. Post-Acute COVID-19 Syndrome,Retinitis Pigmentosa Concentric,215
5. Post-Acute COVID-19 Syndrome,Autonomic Nervous System Diseases,210
5. Post-Acute COVID-19 Syndrome,Asthma,209
5. Post-Acute COVID-19 Syndrome,Cognitive Dysfunction,206
5. Post-Acute COVID-19 Syndrome,Postural Orthostatic Tachycardia Syndrome,205
5. Post-Acute COVID-19 Syndrome,Neurobehavioral Manifestations,167
5. Post-Acute COVID-19 Syndrome,Primary Dysautonomias,159
5. Post-Acute COVID-19 Syndrome,Mitochondrial Diseases,152
5. Post-Acute COVID-19 Syndrome,Neurocognitive Disorders,148
5. Post-Acute COVID-19 Syndrome,Immune System Diseases,136
5. Post-Acute COVID-19 Syndrome,Metabolic Diseases,134
5. Post-Acute COVID-19 Syndrome,Chronic Pain,105
5. Post-Acute COVID-19 Syndrome,Neuralgia,102
5. Post-Acute COVID-19 Syndrome,Renal Insufficiency Chronic,100
6. Neurodegenerative Diseases,Neurodegenerative Diseases,366
6. Neurodegenerative Diseases,Pulmonary Disease Chronic Obstructive,215
6. Neurodegenerative Diseases,Signs and Symptoms Digestive,209
6. Neurodegenerative Diseases,Alzheimer Disease,187
6. Neurodegenerative Diseases,Parkinson Disease,133
6. Neurodegenerative Diseases,Weight Loss,107
