entity_id,name,papers,wave_group,wave_certainty_pct,archetype,archetype_certainty_pct,basis
MESH:D010100,Oxygen,771,Early wave,100,Early exit,100,core
MESH:D013256,Steroids,375,Early wave,100,Early exit,100,core
MESH:D002248,Carbon Monoxide,222,Early wave,100,Early exit,100,core
MESH:D008055,Lipids,126,Sustained,100,Late settling,100,core
MESH:C000606551,remdesivir,121,Early wave,100,Early exit,100,core
MESH:D005947,Glucose,113,Sustained,100,Late settling,100,core
MESH:D008775,Methylprednisolone,112,Early wave,100,Early exit,100,core
MESH:D019788,Fluorodeoxyglucose F18,86,Early wave,100,Early exit,100,core
MESH:D000069283,Rituximab,85,Early wave,100,Early exit,100,core
MESH:C000719967,nirmatrelvir and ritonavir drug combination,83,Sustained,100,Late settling,100,core
MESH:D006854,Hydrocortisone,78,Sustained,100,Late settling,100,core
MESH:D005682,Gadolinium,77,Early wave,100,Early exit,100,core
MESH:D014807,Vitamin D,71,Sustained,100,Late settling,100,core
MESH:D003907,Dexamethasone,71,Early wave,100,Early exit,100,core
MESH:D009569,Nitric Oxide,69,Early wave,100,Late settling,100,core
MESH:D003404,Creatinine,65,Early wave,100,Early exit,100,core
MESH:D011239,Prednisolone,61,Early wave,100,Early exit,100,core
MESH:D002118,Calcium,55,Sustained,100,Late settling,100,core
MESH:D017382,Reactive Oxygen Species,55,Sustained,100,Late settling,100,core
MESH:D000438,Alcohols,55,Sustained,100,Late settling,100,core
MESH:D002244,Carbon,49,Early wave,100,Early exit,100,core
MESH:D001786,Blood Glucose,48,Early wave,100,Late settling,100,core
MESH:D011241,Prednisone,46,Early wave,100,Early exit,100,core
MESH:D013739,Testosterone,46,Early wave,100,Early exit,100,core
MESH:D006886,Hydroxychloroquine,45,Early wave,100,Early exit,100,core
MESH:D002784,Cholesterol,45,Sustained,100,Late settling,100,core
MESH:D014364,Tryptophan,45,Sustained,100,Late settling,100,core
MESH:D014280,Triglycerides,44,Sustained,100,Late settling,100,core
MESH:D002245,Carbon Dioxide,44,Early wave,100,Early exit,100,core
MESH:D008687,Metformin,41,Sustained,100,Late settling,100,core
MESH:C502936,tocilizumab,41,Early wave,100,Early exit,100,core
MESH:D019344,Lactic Acid,38,Early wave,100,Late settling,100,core
MESH:D007737,Kynurenine,37,Sustained,100,Late settling,100,core
MESH:C000656703,molnupiravir,35,Sustained,100,Late settling,100,core
MESH:D014867,Water,34,Sustained,100,Late settling,100,core
MESH:D000666,Amphotericin B,31,Early wave,100,Early exit,100,core
MESH:D012701,Serotonin,30,Sustained,100,Late settling,100,core
MESH:D007501,Iron,30,Sustained,100,Late settling,100,core
MESH:D006493,Heparin,29,Early wave,100,Early exit,100,tentative
MESH:D000255,Adenosine Triphosphate,29,Early wave,53,Early exit,66,tentative
MESH:D012964,Sodium,29,Early wave,100,Early exit,100,tentative
MESH:D001120,Arginine,29,Early wave,74,Late settling,80,tentative
MESH:D001241,Aspirin,29,Early wave,100,Early exit,100,tentative
MESH:D014284,Triiodothyronine,28,Early wave,100,Early exit,100,tentative
MESH:C093844,pirfenidone,28,Early wave,100,Early exit,100,tentative
MESH:D008070,Lipopolysaccharides,27,Sustained,99,Late settling,100,tentative
MESH:D013974,Thyroxine,27,Early wave,99,Early exit,99,tentative
MESH:D047311,Luteolin,26,Early wave,62,Early exit,71,tentative
MESH:D017963,Azithromycin,26,Early wave,100,Early exit,99,tentative
MESH:D003078,Colchicine,24,Early wave,100,Early exit,99,tentative
MESH:D001205,Ascorbic Acid,23,Early wave,85,Late settling,70,tentative
MESH:C530716,nintedanib,23,Early wave,100,Early exit,100,tentative
MESH:D005978,Glutathione,23,Sustained,99,Late settling,100,tentative
MESH:D019793,Fluorescein,22,Early wave,82,Early exit,86,tentative
MESH:D005232,Fatty Acids Volatile,21,Sustained,92,Late settling,96,tentative
MESH:D001663,Bilirubin,21,Early wave,94,Late settling,79,tentative
MESH:D007328,Insulin,21,Early wave,96,Early exit,66,tentative
MESH:D004298,Dopamine,21,Early wave,100,Early exit,99,tentative
MESH:D005419,Flavonoids,20,Sustained,84,Late settling,82,tentative
MESH:D008727,Methotrexate,19,Early wave,95,Early exit,86,tentative
MESH:D011188,Potassium,19,Sustained,99,Late settling,100,tentative
MESH:D000077550,Ivabradine,19,Early wave,51,Early exit,51,tentative
MESH:D018698,Glutamic Acid,19,Sustained,100,Late settling,100,tentative
MESH:D000450,Aldosterone,19,Early wave,92,Early exit,58,tentative
MESH:D003401,Creatine,19,Sustained,100,Late settling,100,tentative
MESH:D005227,Fatty Acids,18,Early wave,93,Late settling,91,tentative
MESH:D014527,Uric Acid,18,Sustained,51,Late settling,65,tentative
MESH:D004958,Estradiol,18,Early wave,90,Early exit,87,tentative
MESH:D016666,Fluvoxamine,18,Sustained,95,Late settling,97,tentative
MESH:D008274,Magnesium,17,Early wave,85,Late settling,54,tentative
MESH:D008550,Melatonin,17,Sustained,88,Late settling,92,tentative
MESH:C005958,palmidrol,17,Early wave,68,Early exit,70,tentative
MESH:D009271,Naltrexone,17,Sustained,100,Late settling,100,tentative
MESH:D001379,Azathioprine,16,Sustained,85,Late settling,95,tentative
MESH:C000718217,nirmatrelvir,16,Sustained,99,Late settling,99,tentative
MESH:D008315,Malondialdehyde,16,Sustained,89,Late settling,94,tentative
MESH:C024989,coenzyme Q10,15,Sustained,80,Early exit,84,tentative
MESH:D010743,Phospholipids,15,Early wave,99,Early exit,97,tentative
MESH:D002241,Carbohydrates,15,Sustained,99,Late settling,100,tentative
MESH:D015032,Zinc,15,Sustained,100,Late settling,100,tentative
MESH:D000109,Acetylcholine,14,Sustained,71,Late settling,83,tentative
MESH:C104450,25-hydroxyvitamin D,14,Sustained,93,Late settling,96,tentative
MESH:D009173,Mycophenolic Acid,14,Early wave,89,Early exit,84,tentative
MESH:D011794,Quercetin,14,Sustained,65,Late settling,53,tentative
MESH:D012492,Salts,14,Early wave,68,Early exit,67,tentative
MESH:D000069461,Bendamustine Hydrochloride,14,Sustained,60,Late settling,64,tentative
MESH:C000711967,sotrovimab,13,Sustained,85,Late settling,92,tentative
MESH:D009584,Nitrogen,13,Early wave,99,Early exit,96,tentative
MESH:D015525,Fatty Acids Omega-3,13,Sustained,72,Late settling,82,tentative
MESH:D000111,Acetylcysteine,13,Sustained,57,Late settling,67,tentative
MESH:D000082,Acetaminophen,13,Early wave,73,Early exit,69,tentative
MESH:D007559,Ivermectin,13,Sustained,89,Late settling,91,tentative
MESH:D006859,Hydrogen,13,Sustained,58,Early exit,62,tentative
MESH:D002794,Choline,13,Sustained,98,Late settling,98,tentative
MESH:D014508,Urea,12,Early wave,90,Early exit,77,tentative
MESH:D005492,Folic Acid,12,Early wave,84,Early exit,66,tentative
MESH:D001569,Benzodiazepines,12,Early wave,99,Early exit,99,tentative
MESH:C000711487,casirivimab,12,Early wave,98,Late settling,92,tentative
MESH:C000711488,imdevimab,12,Early wave,98,Late settling,92,tentative
MESH:D009243,NAD,12,Sustained,85,Late settling,90,tentative
MESH:D002395,Catecholamines,12,Early wave,76,Early exit,65,tentative
MESH:D019438,Ritonavir,12,Sustained,97,Late settling,98,tentative
MESH:D000078784,Vortioxetine,12,Sustained,98,Late settling,99,tentative
MESH:D017984,Enoxaparin,11,Early wave,100,Early exit,99,tentative
MESH:D002087,Butyrates,11,Sustained,74,Late settling,83,tentative
MESH:D002762,Cholecalciferol,11,Sustained,86,Late settling,95,tentative
MESH:D012965,Sodium Chloride,11,Early wave,55,Late settling,68,tentative
MESH:D006820,Hyaluronic Acid,11,Sustained,89,Late settling,93,tentative
MESH:C543332,obinutuzumab,11,Sustained,64,Late settling,81,tentative
MESH:D003520,Cyclophosphamide,11,Early wave,99,Early exit,97,tentative
MESH:D005973,Glutamine,11,Sustained,98,Late settling,99,tentative
MESH:D000596,Amino Acids,11,Sustained,100,Late settling,100,tentative
MESH:D000077206,Gabapentin,10,Early wave,92,Early exit,90,tentative
MESH:D013654,Taurine,10,Sustained,69,Late settling,84,tentative
MESH:D005680,gamma-Aminobutyric Acid,10,Sustained,91,Late settling,90,tentative
MESH:D002738,Chloroquine,10,Early wave,100,Early exit,100,tentative
MESH:D006632,Histamine,10,Early wave,99,Early exit,99,tentative
MESH:D006710,Homocysteine,10,Early wave,98,Early exit,97,tentative
MESH:C000179,N-acetylaspartate,10,Sustained,95,Late settling,96,tentative
MESH:D059808,Polyphenols,9,Sustained,56,Late settling,63,tentative
MESH:D000241,Adenosine,9,Early wave,98,Early exit,97,tentative
MESH:D000073893,Sugars,9,Early wave,85,Late settling,81,tentative
MESH:D005438,Fludrocortisone,9,Early wave,96,Early exit,90,tentative
MESH:D010718,Phosphatidylserines,9,Early wave,70,Early exit,57,tentative
MESH:D007052,Ibuprofen,9,Early wave,91,Late settling,81,tentative
MESH:D016718,Arachidonic Acid,9,Sustained,55,Late settling,71,tentative
MESH:D008713,Methimazole,9,Early wave,76,Late settling,71,tentative
MESH:D007736,Kynurenic Acid,9,Sustained,93,Late settling,92,tentative
MESH:D006495,Heparin Low-Molecular-Weight,9,Early wave,99,Early exit,99,tentative
MESH:D013455,Sulfur,9,Sustained,51,Late settling,70,tentative
MESH:D014801,Vitamin A,9,Sustained,88,Late settling,88,tentative
MESH:C000722354,ensitrelvir,9,Sustained,96,Late settling,98,tentative
MESH:D001761,Bleomycin,8,Early wave,85,Early exit,65,tentative
MESH:D019798,Neopterin,8,Sustained,60,Late settling,68,tentative
MESH:D017392,Thiobarbituric Acid Reactive Substances,8,Early wave,65,Early exit,57,tentative
MESH:C462182,favipiravir,8,Early wave,100,Early exit,100,tentative
MESH:D014805,Vitamin B 12,8,Sustained,62,Late settling,73,tentative
MESH:D011134,Polysaccharides,8,Early wave,83,Early exit,76,tentative
MESH:D010126,Ozone,8,Sustained,73,Late settling,88,tentative
MESH:D010725,Phosphocreatine,8,Sustained,83,Late settling,86,tentative
MESH:D015738,Famotidine,8,Early wave,74,Late settling,59,tentative
MESH:D012643,Selenium,8,Early wave,88,Early exit,83,tentative
MESH:D011433,Propranolol,8,Early wave,96,Early exit,93,tentative
MESH:D000069552,Rivaroxaban,8,Early wave,68,Late settling,73,tentative
MESH:D013972,Thyrotropin,8,Early wave,98,Early exit,98,tentative
MESH:D000069285,Infliximab,8,Early wave,99,Early exit,99,tentative
MESH:D002443,Ceftriaxone,8,Sustained,80,Late settling,77,tentative
MESH:D010649,Phenylalanine,8,Sustained,91,Late settling,92,tentative
MESH:D013438,Sulfhydryl Compounds,7,Sustained,91,Late settling,93,tentative
MESH:D009638,Norepinephrine,7,Early wave,68,Late settling,66,tentative
MESH:D009573,Nitrites,7,Early wave,57,Late settling,59,tentative
MESH:C101425,posaconazole,7,Early wave,96,Early exit,89,tentative
MESH:D010758,Phosphorus,7,Early wave,88,Early exit,72,tentative
MESH:D063388,Endocannabinoids,7,Early wave,68,Late settling,75,tentative
MESH:C030985,purine,7,Early wave,88,Early exit,73,tentative
MESH:C000711751,casirivimab and imdevimab drug combination,7,Early wave,99,Early exit,99,tentative
MESH:D008911,Minocycline,7,Sustained,89,Late settling,95,tentative
MESH:D019819,Budesonide,7,Sustained,62,Late settling,70,tentative
MESH:D005231,Fatty Acids Unsaturated,7,Early wave,92,Late settling,88,tentative
MESH:D003474,Curcumin,7,Sustained,80,Late settling,78,tentative
MESH:C000596027,baricitinib,7,Early wave,52,Late settling,53,tentative
MESH:D008063,Thioctic Acid,7,Sustained,82,Late settling,88,tentative
MESH:D011453,Prostaglandins,7,Sustained,53,Late settling,63,tentative
MESH:D005732,Gangliosides,7,Early wave,77,Early exit,73,tentative
MESH:D009566,Nitrates,7,Sustained,70,Late settling,73,tentative
MESH:D017378,Quinolinic Acid,7,Sustained,92,Late settling,93,tentative
MESH:C522181,apixaban,7,Early wave,65,Early exit,70,tentative
MESH:C007858,glucuronyl glucosamine glycan sulfate,7,Sustained,92,Late settling,94,tentative
MESH:D014978,Xenon,7,Early wave,92,Early exit,78,tentative
MESH:D010713,Phosphatidylcholines,7,Early wave,99,Early exit,98,tentative
MESH:D005609,Free Radicals,7,Early wave,56,Late settling,52,tentative
MESH:D011729,Pyridostigmine Bromide,7,Early wave,97,Early exit,88,tentative
MESH:C558899,lopinavir-ritonavir drug combination,7,Early wave,100,Early exit,100,tentative
MESH:D009614,Nobelium,7,Sustained,93,Late settling,96,tentative
MESH:D006861,Hydrogen Peroxide,7,Sustained,90,Late settling,95,tentative
MESH:D007980,Levodopa,6,Early wave,58,Late settling,50,tentative
MESH:D009538,Nicotine,6,Sustained,76,Late settling,83,tentative
MESH:D065819,Voriconazole,6,Early wave,92,Early exit,92,tentative
MESH:D061466,Lopinavir,6,Early wave,99,Early exit,97,tentative
MESH:D012828,Silicones,6,Early wave,85,Late settling,74,tentative
MESH:D002331,Carnitine,6,Early wave,75,Early exit,73,tentative
MESH:D019289,Pyruvic Acid,6,Sustained,84,Late settling,92,tentative
MESH:D000068879,Adalimumab,6,Early wave,82,Late settling,63,tentative
MESH:D017291,Clarithromycin,6,Early wave,93,Early exit,84,tentative
MESH:D014635,Valproic Acid,6,Early wave,53,Late settling,57,tentative
MESH:D009822,Oils Volatile,6,Sustained,75,Late settling,77,tentative
MESH:D000639,Amitriptyline,6,Sustained,74,Late settling,88,tentative
MESH:D003300,Copper,6,Early wave,84,Early exit,72,tentative
MESH:D013107,Sphingolipids,6,Sustained,63,Late settling,57,tentative
MESH:D004492,Edetic Acid,6,Sustained,64,Late settling,66,tentative
MESH:D008774,Methylphenidate,6,Sustained,72,Late settling,84,tentative
MESH:D000212,Acyclovir,6,Sustained,76,Late settling,79,tentative
MESH:D009599,Nitroprusside,6,Early wave,52,Late settling,62,tentative
MESH:C029943,potassium hydroxide,6,Early wave,91,Early exit,85,tentative
MESH:C093875,montelukast,6,Early wave,90,Early exit,83,tentative
MESH:D008790,Metoprolol,6,Early wave,81,Late settling,66,tentative
MESH:D002096,C-Peptide,6,Early wave,98,Early exit,93,tentative
MESH:D016559,Tacrolimus,6,Sustained,60,Late settling,66,tentative
MESH:D008715,Methionine,6,Sustained,85,Late settling,92,tentative
MESH:D000420,Albuterol,6,Early wave,86,Late settling,83,tentative
MESH:D013866,Thioguanine,6,Sustained,63,Late settling,69,tentative
MESH:D000547,Amantadine,5,Sustained,63,Late settling,67,tentative
MESH:D008012,Lidocaine,5,Sustained,53,Late settling,70,tentative
MESH:D010710,Phosphates,5,Sustained,74,Late settling,76,tentative
MESH:D008094,Lithium,5,Sustained,68,Late settling,78,tentative
MESH:D013806,Theophylline,5,Sustained,85,Late settling,89,tentative
MESH:D004164,Diphosphonates,5,Sustained,60,Late settling,73,tentative
MESH:D019802,Succinic Acid,5,Early wave,86,Late settling,64,tentative
MESH:C000711749,bamlanivimab,5,Early wave,83,Early exit,80,tentative
MESH:D000068656,Mometasone Furoate,5,Early wave,72,Late settling,61,tentative
MESH:D004176,Dipyridamole,5,Early wave,71,Early exit,71,tentative
MESH:D008140,Lorazepam,5,Early wave,67,Late settling,74,tentative
MESH:D020404,Glycerophospholipids,5,Early wave,84,Early exit,80,tentative
MESH:D000077287,Levetiracetam,5,Early wave,95,Early exit,92,tentative
MESH:C507879,cytoflavin,5,Early wave,92,Early exit,92,tentative
MESH:D055549,Volatile Organic Compounds,5,Sustained,77,Late settling,74,tentative
MESH:D014859,Warfarin,5,Early wave,96,Early exit,96,tentative
MESH:D020280,Sertraline,5,Sustained,92,Late settling,93,tentative
MESH:D000409,Alanine,5,Sustained,72,Late settling,80,tentative
MESH:D011392,Proline,5,Sustained,61,Late settling,70,tentative
MESH:D008879,Midodrine,5,Early wave,78,Late settling,59,tentative
MESH:D000108,Acetylcarnitine,5,Sustained,52,Late settling,55,tentative
MESH:D010716,Phosphatidylinositols,5,Sustained,58,Late settling,68,tentative
MESH:D007208,Indocyanine Green,5,Early wave,85,Early exit,80,tentative
MESH:D006418,Heme,5,Early wave,51,Late settling,67,tentative
MESH:D014580,Ursodeoxycholic Acid,5,Sustained,53,Late settling,64,tentative
MESH:D015232,Dinoprostone,5,Sustained,85,Late settling,92,tentative
MESH:D011562,Psilocybin,5,Sustained,79,Late settling,85,tentative
MESH:D000089983,Escitalopram,5,Sustained,51,Late settling,57,tentative
MESH:D009536,Niacinamide,5,Sustained,82,Late settling,88,tentative
MESH:D016316,Guanfacine,5,Sustained,87,Late settling,91,tentative
MESH:D007294,Inositol,5,Sustained,84,Late settling,88,tentative
MESH:D008670,Metals,5,Sustained,63,Late settling,77,tentative
